assay,sample,quadrant,wid,hei,n_frames
novel_object,20190611_1331_icab_icab_R,q1,348,350,18000
novel_object,20190611_1331_icab_icab_R,q2,358,350,18000
novel_object,20190611_1331_icab_icab_R,q3,358,354,18000
novel_object,20190611_1331_icab_icab_R,q4,348,354,18000
novel_object,20190611_1410_icab_kaga_R,q1,342,348,18000
novel_object,20190611_1410_icab_kaga_R,q2,364,348,18000
novel_object,20190611_1410_icab_kaga_R,q3,364,356,18000
novel_object,20190611_1410_icab_kaga_R,q4,342,356,18000
novel_object,20190611_1454_icab_hni_R,q1,346,352,18000
novel_object,20190611_1454_icab_hni_R,q2,360,352,18000
novel_object,20190611_1454_icab_hni_R,q3,360,352,18000
novel_object,20190611_1454_icab_hni_R,q4,346,352,18000
novel_object,20190611_1552_icab_hni_R,q1,346,354,18000
novel_object,20190611_1552_icab_hni_R,q2,360,354,18000
novel_object,20190611_1552_icab_hni_R,q3,360,350,18000
novel_object,20190611_1552_icab_hni_R,q4,346,350,18000
novel_object,20190611_1628_icab_hdr_R,q1,348,352,18000
novel_object,20190611_1628_icab_hdr_R,q2,358,352,18000
novel_object,20190611_1628_icab_hdr_R,q3,358,352,18000
novel_object,20190611_1628_icab_hdr_R,q4,348,352,18000
novel_object,20190611_1658_icab_ho5_R,q1,352,348,18000
novel_object,20190611_1658_icab_ho5_R,q2,354,348,18000
novel_object,20190611_1658_icab_ho5_R,q3,354,356,18000
novel_object,20190611_1658_icab_ho5_R,q4,352,356,18000
novel_object,20190612_0952_icab_icab_R,q1,348,348,18000
novel_object,20190612_0952_icab_icab_R,q2,358,348,18000
novel_object,20190612_0952_icab_icab_R,q3,358,356,18000
novel_object,20190612_0952_icab_icab_R,q4,348,356,18000
novel_object,20190612_1053_icab_kaga_R,q1,344,350,18000
novel_object,20190612_1053_icab_kaga_R,q2,362,350,18000
novel_object,20190612_1053_icab_kaga_R,q3,362,354,18000
novel_object,20190612_1053_icab_kaga_R,q4,344,354,18000
novel_object,20190612_1123_icab_hni_R,q1,346,348,18000
novel_object,20190612_1123_icab_hni_R,q2,360,348,18000
novel_object,20190612_1123_icab_hni_R,q3,360,356,18000
novel_object,20190612_1123_icab_hni_R,q4,346,356,18000
novel_object,20190612_1236_icab_kaga_R,q1,352,346,18000
novel_object,20190612_1236_icab_kaga_R,q2,354,346,18000
novel_object,20190612_1236_icab_kaga_R,q3,354,358,18000
novel_object,20190612_1236_icab_kaga_R,q4,352,358,18000
novel_object,20190612_1326_icab_kaga_R,q1,348,354,17400
novel_object,20190612_1326_icab_kaga_R,q2,358,354,17400
novel_object,20190612_1326_icab_kaga_R,q3,358,350,17400
novel_object,20190612_1326_icab_kaga_R,q4,348,350,17400
novel_object,20190612_1355_icab_ho5_R,q1,344,360,18000
novel_object,20190612_1355_icab_ho5_R,q2,362,360,18000
novel_object,20190612_1355_icab_ho5_R,q3,362,344,18000
novel_object,20190612_1355_icab_ho5_R,q4,344,344,18000
novel_object,20190612_1425_icab_kaga_R,q1,350,346,18000
novel_object,20190612_1425_icab_kaga_R,q2,356,346,18000
novel_object,20190612_1425_icab_kaga_R,q3,356,358,18000
novel_object,20190612_1425_icab_kaga_R,q4,350,358,18000
novel_object,20190612_1501_icab_icab_R,q1,346,346,18000
novel_object,20190612_1501_icab_icab_R,q2,360,346,18000
novel_object,20190612_1501_icab_icab_R,q3,360,358,18000
novel_object,20190612_1501_icab_icab_R,q4,346,358,18000
novel_object,20190612_1534_icab_hdr_R,q1,352,346,18000
novel_object,20190612_1534_icab_hdr_R,q2,354,346,18000
novel_object,20190612_1534_icab_hdr_R,q3,354,358,18000
novel_object,20190612_1534_icab_hdr_R,q4,352,358,18000
novel_object,20190612_1604_icab_hni_R,q1,348,348,18000
novel_object,20190612_1604_icab_hni_R,q2,358,348,18000
novel_object,20190612_1604_icab_hni_R,q3,358,356,18000
novel_object,20190612_1604_icab_hni_R,q4,348,356,18000
novel_object,20190612_1636_icab_icab_R,q1,348,350,18000
novel_object,20190612_1636_icab_icab_R,q2,358,350,18000
novel_object,20190612_1636_icab_icab_R,q3,358,354,18000
novel_object,20190612_1636_icab_icab_R,q4,348,354,18000
novel_object,20190612_1707_icab_hni_R,q1,350,348,18000
novel_object,20190612_1707_icab_hni_R,q2,356,348,18000
novel_object,20190612_1707_icab_hni_R,q3,356,356,18000
novel_object,20190612_1707_icab_hni_R,q4,350,356,18000
novel_object,20190613_0953_icab_hni_R,q1,344,350,18000
novel_object,20190613_0953_icab_hni_R,q2,362,350,18000
novel_object,20190613_0953_icab_hni_R,q3,362,354,18000
novel_object,20190613_0953_icab_hni_R,q4,344,354,18000
novel_object,20190613_1024_icab_hni_R,q1,348,358,18000
novel_object,20190613_1024_icab_hni_R,q2,358,358,18000
novel_object,20190613_1024_icab_hni_R,q3,358,346,18000
novel_object,20190613_1024_icab_hni_R,q4,348,346,18000
novel_object,20190613_1054_icab_hdr_R,q1,346,354,18000
novel_object,20190613_1054_icab_hdr_R,q2,360,354,18000
novel_object,20190613_1054_icab_hdr_R,q3,360,350,18000
novel_object,20190613_1054_icab_hdr_R,q4,346,350,18000
novel_object,20190613_1126_icab_hdr_R,q1,350,354,18000
novel_object,20190613_1126_icab_hdr_R,q2,356,354,18000
novel_object,20190613_1126_icab_hdr_R,q3,356,350,18000
novel_object,20190613_1126_icab_hdr_R,q4,350,350,18000
novel_object,20190613_1307_icab_hdr_R,q1,346,348,18000
novel_object,20190613_1307_icab_hdr_R,q2,360,348,18000
novel_object,20190613_1307_icab_hdr_R,q3,360,356,18000
novel_object,20190613_1307_icab_hdr_R,q4,346,356,18000
novel_object,20190613_1338_icab_ho5_R,q1,346,356,18000
novel_object,20190613_1338_icab_ho5_R,q2,360,356,18000
novel_object,20190613_1338_icab_ho5_R,q3,360,348,18000
novel_object,20190613_1338_icab_ho5_R,q4,346,348,18000
novel_object,20190613_1420_icab_hni_R,q1,342,352,18000
novel_object,20190613_1420_icab_hni_R,q2,364,352,18000
novel_object,20190613_1420_icab_hni_R,q3,364,352,18000
novel_object,20190613_1420_icab_hni_R,q4,342,352,18000
novel_object,20190613_1511_icab_hdr_L,q1,360,352,18000
novel_object,20190613_1511_icab_hdr_L,q2,346,352,18000
novel_object,20190613_1511_icab_hdr_L,q3,346,352,18000
novel_object,20190613_1511_icab_hdr_L,q4,360,352,18000
novel_object,20190613_1546_icab_hni_R,q1,346,354,18000
novel_object,20190613_1546_icab_hni_R,q2,360,354,18000
novel_object,20190613_1546_icab_hni_R,q3,360,350,18000
novel_object,20190613_1546_icab_hni_R,q4,346,350,18000
novel_object,20190613_1617_icab_ho5_L,q1,360,352,18000
novel_object,20190613_1617_icab_ho5_L,q2,346,352,18000
novel_object,20190613_1617_icab_ho5_L,q3,346,352,18000
novel_object,20190613_1617_icab_ho5_L,q4,360,352,18000
novel_object,20190613_1648_icab_ho5_R,q1,346,352,18000
novel_object,20190613_1648_icab_ho5_R,q2,360,352,18000
novel_object,20190613_1648_icab_ho5_R,q3,360,352,18000
novel_object,20190613_1648_icab_ho5_R,q4,346,352,18000
novel_object,20190614_1108_icab_ho5_L,q1,354,356,18000
novel_object,20190614_1108_icab_ho5_L,q2,352,356,18000
novel_object,20190614_1108_icab_ho5_L,q3,352,348,18000
novel_object,20190614_1108_icab_ho5_L,q4,354,348,18000
novel_object,20190614_1139_icab_hni_R,q1,344,356,18000
novel_object,20190614_1139_icab_hni_R,q2,362,356,18000
novel_object,20190614_1139_icab_hni_R,q3,362,348,18000
novel_object,20190614_1139_icab_hni_R,q4,344,348,18000
novel_object,20190614_1208_icab_icab_L,q1,358,354,18000
novel_object,20190614_1208_icab_icab_L,q2,348,354,18000
novel_object,20190614_1208_icab_icab_L,q3,348,350,18000
novel_object,20190614_1208_icab_icab_L,q4,358,350,18000
novel_object,20190614_1237_icab_hdr_L,q1,354,352,18000
novel_object,20190614_1237_icab_hdr_L,q2,352,352,18000
novel_object,20190614_1237_icab_hdr_L,q3,352,352,18000
novel_object,20190614_1237_icab_hdr_L,q4,354,352,18000
novel_object,20190614_1307_icab_hdr_R,q1,350,358,18000
novel_object,20190614_1307_icab_hdr_R,q2,356,358,18000
novel_object,20190614_1307_icab_hdr_R,q3,356,346,18000
novel_object,20190614_1307_icab_hdr_R,q4,350,346,18000
novel_object,20190614_1335_icab_ho5_L,q1,360,354,18000
novel_object,20190614_1335_icab_ho5_L,q2,346,354,18000
novel_object,20190614_1335_icab_ho5_L,q3,346,350,18000
novel_object,20190614_1335_icab_ho5_L,q4,360,350,18000
novel_object,20190614_1404_icab_ho5_L,q1,352,358,18000
novel_object,20190614_1404_icab_ho5_L,q2,354,358,18000
novel_object,20190614_1404_icab_ho5_L,q3,354,346,18000
novel_object,20190614_1404_icab_ho5_L,q4,352,346,18000
novel_object,20190614_1430_icab_hdr_L,q1,358,354,18000
novel_object,20190614_1430_icab_hdr_L,q2,348,354,18000
novel_object,20190614_1430_icab_hdr_L,q3,348,350,18000
novel_object,20190614_1430_icab_hdr_L,q4,358,350,18000
novel_object,20190614_1456_icab_ho5_R,q1,344,350,18000
novel_object,20190614_1456_icab_ho5_R,q2,362,350,18000
novel_object,20190614_1456_icab_ho5_R,q3,362,354,18000
novel_object,20190614_1456_icab_ho5_R,q4,344,354,18000
novel_object,20190614_1524_icab_icab_R,q1,346,350,18000
novel_object,20190614_1524_icab_icab_R,q2,360,350,18000
novel_object,20190614_1524_icab_icab_R,q3,360,354,18000
novel_object,20190614_1524_icab_icab_R,q4,346,354,18000
novel_object,20190614_1553_icab_hni_L,q1,354,358,18000
novel_object,20190614_1553_icab_hni_L,q2,352,358,18000
novel_object,20190614_1553_icab_hni_L,q3,352,346,18000
novel_object,20190614_1553_icab_hni_L,q4,354,346,18000
novel_object,20190614_1619_icab_kaga_L,q1,354,356,18000
novel_object,20190614_1619_icab_kaga_L,q2,352,356,18000
novel_object,20190614_1619_icab_kaga_L,q3,352,348,18000
novel_object,20190614_1619_icab_kaga_L,q4,354,348,18000
novel_object,20190614_1644_icab_hni_L,q1,360,360,18000
novel_object,20190614_1644_icab_hni_L,q2,346,360,18000
novel_object,20190614_1644_icab_hni_L,q3,346,344,18000
novel_object,20190614_1644_icab_hni_L,q4,360,344,18000
novel_object,20190615_1022_icab_ho5_L,q1,360,354,18000
novel_object,20190615_1022_icab_ho5_L,q2,346,354,18000
novel_object,20190615_1022_icab_ho5_L,q3,346,350,18000
novel_object,20190615_1022_icab_ho5_L,q4,360,350,18000
novel_object,20190615_1051_icab_hdr_L,q1,358,354,18000
novel_object,20190615_1051_icab_hdr_L,q2,348,354,18000
novel_object,20190615_1051_icab_hdr_L,q3,348,350,18000
novel_object,20190615_1051_icab_hdr_L,q4,358,350,18000
novel_object,20190615_1117_icab_kaga_L,q1,354,360,18000
novel_object,20190615_1117_icab_kaga_L,q2,352,360,18000
novel_object,20190615_1117_icab_kaga_L,q3,352,344,18000
novel_object,20190615_1117_icab_kaga_L,q4,354,344,18000
novel_object,20190615_1145_icab_hni_R,q1,352,346,18000
novel_object,20190615_1145_icab_hni_R,q2,354,346,18000
novel_object,20190615_1145_icab_hni_R,q3,354,358,18000
novel_object,20190615_1145_icab_hni_R,q4,352,358,18000
novel_object,20190615_1210_icab_ho5_R,q1,348,350,18000
novel_object,20190615_1210_icab_ho5_R,q2,358,350,18000
novel_object,20190615_1210_icab_ho5_R,q3,358,354,18000
novel_object,20190615_1210_icab_ho5_R,q4,348,354,18000
novel_object,20190615_1236_icab_hdr_R,q1,348,344,18000
novel_object,20190615_1236_icab_hdr_R,q2,358,344,18000
novel_object,20190615_1236_icab_hdr_R,q3,358,360,18000
novel_object,20190615_1236_icab_hdr_R,q4,348,360,18000
novel_object,20190615_1305_icab_ho5_R,q1,344,346,18000
novel_object,20190615_1305_icab_ho5_R,q2,362,346,18000
novel_object,20190615_1305_icab_ho5_R,q3,362,358,18000
novel_object,20190615_1305_icab_ho5_R,q4,344,358,18000
novel_object,20190615_1332_icab_icab_L,q1,360,360,18000
novel_object,20190615_1332_icab_icab_L,q2,346,360,18000
novel_object,20190615_1332_icab_icab_L,q3,346,344,18000
novel_object,20190615_1332_icab_icab_L,q4,360,344,18000
novel_object,20190615_1358_icab_icab_L,q1,360,356,18000
novel_object,20190615_1358_icab_icab_L,q2,346,356,18000
novel_object,20190615_1358_icab_icab_L,q3,346,348,18000
novel_object,20190615_1358_icab_icab_L,q4,360,348,18000
novel_object,20190615_1423_icab_icab_L,q1,358,360,18000
novel_object,20190615_1423_icab_icab_L,q2,348,360,18000
novel_object,20190615_1423_icab_icab_L,q3,348,344,18000
novel_object,20190615_1423_icab_icab_L,q4,358,344,18000
novel_object,20190615_1452_icab_hdr_L,q1,354,358,18000
novel_object,20190615_1452_icab_hdr_L,q2,352,358,18000
novel_object,20190615_1452_icab_hdr_L,q3,352,346,18000
novel_object,20190615_1452_icab_hdr_L,q4,354,346,18000
novel_object,20190615_1518_icab_kaga_L,q1,356,360,18000
novel_object,20190615_1518_icab_kaga_L,q2,350,360,18000
novel_object,20190615_1518_icab_kaga_L,q3,350,344,18000
novel_object,20190615_1518_icab_kaga_L,q4,356,344,18000
novel_object,20190615_1549_icab_hni_L,q1,358,356,18000
novel_object,20190615_1549_icab_hni_L,q2,348,356,18000
novel_object,20190615_1549_icab_hni_L,q3,348,348,18000
novel_object,20190615_1549_icab_hni_L,q4,358,348,18000
novel_object,20190615_1616_icab_hni_L,q1,358,360,18000
novel_object,20190615_1616_icab_hni_L,q2,348,360,18000
novel_object,20190615_1616_icab_hni_L,q3,348,344,18000
novel_object,20190615_1616_icab_hni_L,q4,358,344,18000
novel_object,20190615_1649_icab_icab_L,q1,358,364,18000
novel_object,20190615_1649_icab_icab_L,q2,348,364,18000
novel_object,20190615_1649_icab_icab_L,q3,348,340,18000
novel_object,20190615_1649_icab_icab_L,q4,358,340,18000
novel_object,20190615_1714_icab_icab_L,q1,358,356,18000
novel_object,20190615_1714_icab_icab_L,q2,348,356,18000
novel_object,20190615_1714_icab_icab_L,q3,348,348,18000
novel_object,20190615_1714_icab_icab_L,q4,358,348,18000
novel_object,20190616_0923_icab_icab_L,q1,356,358,18000
novel_object,20190616_0923_icab_icab_L,q2,350,358,18000
novel_object,20190616_0923_icab_icab_L,q3,350,346,18000
novel_object,20190616_0923_icab_icab_L,q4,356,346,18000
novel_object,20190616_0948_icab_hdr_L,q1,356,356,18000
novel_object,20190616_0948_icab_hdr_L,q2,350,356,18000
novel_object,20190616_0948_icab_hdr_L,q3,350,348,18000
novel_object,20190616_0948_icab_hdr_L,q4,356,348,18000
novel_object,20190616_1017_icab_kaga_R,q1,348,344,18000
novel_object,20190616_1017_icab_kaga_R,q2,358,344,18000
novel_object,20190616_1017_icab_kaga_R,q3,358,360,18000
novel_object,20190616_1017_icab_kaga_R,q4,348,360,18000
novel_object,20190616_1045_icab_icab_L,q1,358,356,18000
novel_object,20190616_1045_icab_icab_L,q2,348,356,18000
novel_object,20190616_1045_icab_icab_L,q3,348,348,18000
novel_object,20190616_1045_icab_icab_L,q4,358,348,18000
novel_object,20190616_1110_icab_icab_L,q1,354,358,18000
novel_object,20190616_1110_icab_icab_L,q2,352,358,18000
novel_object,20190616_1110_icab_icab_L,q3,352,346,18000
novel_object,20190616_1110_icab_icab_L,q4,354,346,18000
novel_object,20190616_1135_icab_kaga_R,q1,350,348,18000
novel_object,20190616_1135_icab_kaga_R,q2,356,348,18000
novel_object,20190616_1135_icab_kaga_R,q3,356,356,18000
novel_object,20190616_1135_icab_kaga_R,q4,350,356,18000
novel_object,20190616_1210_icab_icab_R,q1,348,344,18000
novel_object,20190616_1210_icab_icab_R,q2,358,344,18000
novel_object,20190616_1210_icab_icab_R,q3,358,360,18000
novel_object,20190616_1210_icab_icab_R,q4,348,360,18000
novel_object,20190616_1227_icab_kaga_R,q1,346,342,18000
novel_object,20190616_1227_icab_kaga_R,q2,360,342,18000
novel_object,20190616_1227_icab_kaga_R,q4,346,362,18000
novel_object,20190616_1256_icab_kaga_L,q1,354,356,18000
novel_object,20190616_1256_icab_kaga_L,q2,352,356,18000
novel_object,20190616_1256_icab_kaga_L,q3,352,348,18000
novel_object,20190616_1256_icab_kaga_L,q4,354,348,18000
novel_object,20190616_1325_icab_hni_R,q1,356,340,18000
novel_object,20190616_1325_icab_hni_R,q2,350,340,18000
novel_object,20190616_1325_icab_hni_R,q3,350,364,18000
novel_object,20190616_1325_icab_hni_R,q4,356,364,18000
novel_object,20190616_1351_icab_ho5_L,q1,356,356,18000
novel_object,20190616_1351_icab_ho5_L,q2,350,356,18000
novel_object,20190616_1351_icab_ho5_L,q3,350,348,18000
novel_object,20190616_1351_icab_ho5_L,q4,356,348,18000
novel_object,20190616_1417_icab_hni_L,q1,352,358,18000
novel_object,20190616_1417_icab_hni_L,q2,354,358,18000
novel_object,20190616_1417_icab_hni_L,q3,354,346,18000
novel_object,20190616_1417_icab_hni_L,q4,352,346,18000
novel_object,20190616_1441_icab_hni_L,q1,360,354,18000
novel_object,20190616_1441_icab_hni_L,q2,346,354,18000
novel_object,20190616_1441_icab_hni_L,q3,346,350,18000
novel_object,20190616_1441_icab_hni_L,q4,360,350,18000
novel_object,20190616_1506_icab_hni_L,q1,356,360,18000
novel_object,20190616_1506_icab_hni_L,q2,350,360,18000
novel_object,20190616_1506_icab_hni_L,q3,350,344,18000
novel_object,20190616_1506_icab_hni_L,q4,356,344,18000
novel_object,20190616_1531_icab_hdr_L,q1,354,362,18000
novel_object,20190616_1531_icab_hdr_L,q2,352,362,18000
novel_object,20190616_1531_icab_hdr_L,q3,352,342,18000
novel_object,20190616_1531_icab_hdr_L,q4,354,342,18000
novel_object,20190616_1556_icab_hdr_L,q1,360,354,18000
novel_object,20190616_1556_icab_hdr_L,q2,346,354,18000
novel_object,20190616_1556_icab_hdr_L,q3,346,350,18000
novel_object,20190616_1556_icab_hdr_L,q4,360,350,18000
novel_object,20190616_1622_icab_ho5_L,q1,354,364,18000
novel_object,20190616_1622_icab_ho5_L,q2,352,364,18000
novel_object,20190616_1622_icab_ho5_L,q3,352,340,18000
novel_object,20190616_1622_icab_ho5_L,q4,354,340,18000
novel_object,20190616_1651_icab_icab_L,q1,354,354,18000
novel_object,20190616_1651_icab_icab_L,q2,352,354,18000
novel_object,20190616_1651_icab_icab_L,q3,352,350,18000
novel_object,20190616_1651_icab_icab_L,q4,354,350,18000
novel_object,20190616_1717_icab_icab_L,q1,356,358,18000
novel_object,20190616_1717_icab_icab_L,q2,350,358,18000
novel_object,20190616_1717_icab_icab_L,q3,350,346,18000
novel_object,20190616_1717_icab_icab_L,q4,356,346,18000
open_field,20190611_1331_icab_icab_R,q1,348,350,18000
open_field,20190611_1331_icab_icab_R,q2,358,350,18000
open_field,20190611_1331_icab_icab_R,q3,358,354,18000
open_field,20190611_1331_icab_icab_R,q4,348,354,18000
open_field,20190611_1410_icab_kaga_R,q1,346,342,18000
open_field,20190611_1410_icab_kaga_R,q2,360,342,18000
open_field,20190611_1410_icab_kaga_R,q3,360,362,18000
open_field,20190611_1410_icab_kaga_R,q4,346,362,18000
open_field,20190611_1454_icab_hni_R,q1,344,352,18000
open_field,20190611_1454_icab_hni_R,q2,362,352,18000
open_field,20190611_1454_icab_hni_R,q3,362,352,18000
open_field,20190611_1454_icab_hni_R,q4,344,352,18000
open_field,20190611_1552_icab_hni_R,q1,346,354,18000
open_field,20190611_1552_icab_hni_R,q2,360,354,18000
open_field,20190611_1552_icab_hni_R,q3,360,350,18000
open_field,20190611_1552_icab_hni_R,q4,346,350,18000
open_field,20190611_1628_icab_hdr_R,q1,346,352,18000
open_field,20190611_1628_icab_hdr_R,q2,360,352,18000
open_field,20190611_1628_icab_hdr_R,q3,360,352,18000
open_field,20190611_1628_icab_hdr_R,q4,346,352,18000
open_field,20190611_1658_icab_ho5_R,q1,352,348,18000
open_field,20190611_1658_icab_ho5_R,q2,354,348,18000
open_field,20190611_1658_icab_ho5_R,q3,354,356,18000
open_field,20190611_1658_icab_ho5_R,q4,352,356,18000
open_field,20190612_0952_icab_icab_R,q1,348,348,18000
open_field,20190612_0952_icab_icab_R,q2,358,348,18000
open_field,20190612_0952_icab_icab_R,q3,358,356,18000
open_field,20190612_0952_icab_icab_R,q4,348,356,18000
open_field,20190612_1053_icab_kaga_R,q1,348,348,18000
open_field,20190612_1053_icab_kaga_R,q2,358,348,18000
open_field,20190612_1053_icab_kaga_R,q3,358,356,18000
open_field,20190612_1053_icab_kaga_R,q4,348,356,18000
open_field,20190612_1123_icab_hni_R,q1,346,348,18000
open_field,20190612_1123_icab_hni_R,q2,360,348,18000
open_field,20190612_1123_icab_hni_R,q3,360,356,18000
open_field,20190612_1123_icab_hni_R,q4,346,356,18000
open_field,20190612_1236_icab_kaga_R,q1,348,346,17604
open_field,20190612_1236_icab_kaga_R,q2,358,346,17604
open_field,20190612_1236_icab_kaga_R,q3,358,358,17604
open_field,20190612_1236_icab_kaga_R,q4,348,358,17604
open_field,20190612_1326_icab_kaga_R,q1,352,348,17400
open_field,20190612_1326_icab_kaga_R,q2,354,348,17400
open_field,20190612_1326_icab_kaga_R,q3,354,356,17400
open_field,20190612_1326_icab_kaga_R,q4,352,356,17400
open_field,20190612_1355_icab_ho5_R,q1,344,362,18000
open_field,20190612_1355_icab_ho5_R,q2,362,362,18000
open_field,20190612_1355_icab_ho5_R,q3,362,342,18000
open_field,20190612_1355_icab_ho5_R,q4,344,342,18000
open_field,20190612_1425_icab_kaga_R,q1,344,356,17688
open_field,20190612_1425_icab_kaga_R,q2,362,356,17688
open_field,20190612_1425_icab_kaga_R,q3,362,348,17688
open_field,20190612_1425_icab_kaga_R,q4,344,348,17688
open_field,20190612_1501_icab_icab_R,q1,344,352,18000
open_field,20190612_1501_icab_icab_R,q2,362,352,18000
open_field,20190612_1501_icab_icab_R,q3,362,352,18000
open_field,20190612_1501_icab_icab_R,q4,344,352,18000
open_field,20190612_1534_icab_hdr_R,q1,344,352,18000
open_field,20190612_1534_icab_hdr_R,q2,362,352,18000
open_field,20190612_1534_icab_hdr_R,q3,362,352,18000
open_field,20190612_1534_icab_hdr_R,q4,344,352,18000
open_field,20190612_1604_icab_hni_R,q1,346,358,18000
open_field,20190612_1604_icab_hni_R,q2,360,358,18000
open_field,20190612_1604_icab_hni_R,q3,360,346,18000
open_field,20190612_1604_icab_hni_R,q4,346,346,18000
open_field,20190612_1636_icab_icab_R,q1,342,358,18000
open_field,20190612_1636_icab_icab_R,q2,364,358,18000
open_field,20190612_1636_icab_icab_R,q3,364,346,18000
open_field,20190612_1636_icab_icab_R,q4,342,346,18000
open_field,20190612_1707_icab_hni_R,q1,344,352,18000
open_field,20190612_1707_icab_hni_R,q2,362,352,18000
open_field,20190612_1707_icab_hni_R,q3,362,352,18000
open_field,20190612_1707_icab_hni_R,q4,344,352,18000
open_field,20190613_0953_icab_hni_R,q1,344,350,18000
open_field,20190613_0953_icab_hni_R,q2,362,350,18000
open_field,20190613_0953_icab_hni_R,q3,362,354,18000
open_field,20190613_0953_icab_hni_R,q4,344,354,18000
open_field,20190613_1024_icab_hni_R,q1,346,362,18000
open_field,20190613_1024_icab_hni_R,q2,360,362,18000
open_field,20190613_1024_icab_hni_R,q3,360,342,18000
open_field,20190613_1024_icab_hni_R,q4,346,342,18000
open_field,20190613_1054_icab_hdr_R,q1,344,354,18000
open_field,20190613_1054_icab_hdr_R,q2,362,354,18000
open_field,20190613_1054_icab_hdr_R,q3,362,350,18000
open_field,20190613_1054_icab_hdr_R,q4,344,350,18000
open_field,20190613_1126_icab_hdr_R,q1,352,348,18000
open_field,20190613_1126_icab_hdr_R,q2,354,348,18000
open_field,20190613_1126_icab_hdr_R,q3,354,356,18000
open_field,20190613_1126_icab_hdr_R,q4,352,356,18000
open_field,20190613_1307_icab_hdr_R,q1,342,352,18000
open_field,20190613_1307_icab_hdr_R,q2,364,352,18000
open_field,20190613_1307_icab_hdr_R,q3,364,352,18000
open_field,20190613_1307_icab_hdr_R,q4,342,352,18000
open_field,20190613_1338_icab_ho5_R,q1,342,356,18000
open_field,20190613_1338_icab_ho5_R,q2,364,356,18000
open_field,20190613_1338_icab_ho5_R,q3,364,348,18000
open_field,20190613_1338_icab_ho5_R,q4,342,348,18000
open_field,20190613_1420_icab_hni_R,q1,342,352,18000
open_field,20190613_1420_icab_hni_R,q2,364,352,18000
open_field,20190613_1420_icab_hni_R,q3,364,352,18000
open_field,20190613_1420_icab_hni_R,q4,342,352,18000
open_field,20190613_1511_icab_hdr_L,q1,358,352,18000
open_field,20190613_1511_icab_hdr_L,q2,348,352,18000
open_field,20190613_1511_icab_hdr_L,q3,348,352,18000
open_field,20190613_1511_icab_hdr_L,q4,358,352,18000
open_field,20190613_1546_icab_hni_R,q1,342,358,18000
open_field,20190613_1546_icab_hni_R,q2,364,358,18000
open_field,20190613_1546_icab_hni_R,q3,364,346,18000
open_field,20190613_1546_icab_hni_R,q4,342,346,18000
open_field,20190613_1617_icab_ho5_L,q1,354,356,18000
open_field,20190613_1617_icab_ho5_L,q2,352,356,18000
open_field,20190613_1617_icab_ho5_L,q3,352,348,18000
open_field,20190613_1617_icab_ho5_L,q4,354,348,18000
open_field,20190613_1648_icab_ho5_R,q1,340,352,18000
open_field,20190613_1648_icab_ho5_R,q2,366,352,18000
open_field,20190613_1648_icab_ho5_R,q3,366,352,18000
open_field,20190613_1648_icab_ho5_R,q4,340,352,18000
open_field,20190614_1108_icab_ho5_L,q1,354,358,18000
open_field,20190614_1108_icab_ho5_L,q2,352,358,18000
open_field,20190614_1108_icab_ho5_L,q3,352,346,18000
open_field,20190614_1108_icab_ho5_L,q4,354,346,18000
open_field,20190614_1139_icab_hni_R,q1,342,356,18000
open_field,20190614_1139_icab_hni_R,q2,364,356,18000
open_field,20190614_1139_icab_hni_R,q3,364,348,18000
open_field,20190614_1139_icab_hni_R,q4,342,348,18000
open_field,20190614_1208_icab_icab_L,q1,352,354,18000
open_field,20190614_1208_icab_icab_L,q2,354,354,18000
open_field,20190614_1208_icab_icab_L,q3,354,350,18000
open_field,20190614_1208_icab_icab_L,q4,352,350,18000
open_field,20190614_1237_icab_hdr_L,q1,346,358,18000
open_field,20190614_1237_icab_hdr_L,q2,360,358,18000
open_field,20190614_1237_icab_hdr_L,q3,360,346,18000
open_field,20190614_1237_icab_hdr_L,q4,346,346,18000
open_field,20190614_1307_icab_hdr_R,q1,348,358,18000
open_field,20190614_1307_icab_hdr_R,q2,358,358,18000
open_field,20190614_1307_icab_hdr_R,q3,358,346,18000
open_field,20190614_1307_icab_hdr_R,q4,348,346,18000
open_field,20190614_1335_icab_ho5_L,q1,352,358,18000
open_field,20190614_1335_icab_ho5_L,q2,354,358,18000
open_field,20190614_1335_icab_ho5_L,q3,354,346,18000
open_field,20190614_1335_icab_ho5_L,q4,352,346,18000
open_field,20190614_1404_icab_ho5_L,q1,352,358,18000
open_field,20190614_1404_icab_ho5_L,q2,354,358,18000
open_field,20190614_1404_icab_ho5_L,q3,354,346,18000
open_field,20190614_1404_icab_ho5_L,q4,352,346,18000
open_field,20190614_1430_icab_hdr_L,q1,350,356,18000
open_field,20190614_1430_icab_hdr_L,q2,356,356,18000
open_field,20190614_1430_icab_hdr_L,q3,356,348,18000
open_field,20190614_1430_icab_hdr_L,q4,350,348,18000
open_field,20190614_1456_icab_ho5_R,q1,342,350,18000
open_field,20190614_1456_icab_ho5_R,q2,364,350,18000
open_field,20190614_1456_icab_ho5_R,q3,364,354,18000
open_field,20190614_1456_icab_ho5_R,q4,342,354,18000
open_field,20190614_1524_icab_icab_R,q1,342,354,18000
open_field,20190614_1524_icab_icab_R,q2,364,354,18000
open_field,20190614_1524_icab_icab_R,q3,364,350,18000
open_field,20190614_1524_icab_icab_R,q4,342,350,18000
open_field,20190614_1553_icab_hni_L,q1,344,360,18000
open_field,20190614_1553_icab_hni_L,q2,362,360,18000
open_field,20190614_1553_icab_hni_L,q3,362,344,18000
open_field,20190614_1553_icab_hni_L,q4,344,344,18000
open_field,20190614_1619_icab_kaga_L,q1,348,362,18000
open_field,20190614_1619_icab_kaga_L,q2,358,362,18000
open_field,20190614_1619_icab_kaga_L,q3,358,342,18000
open_field,20190614_1619_icab_kaga_L,q4,348,342,18000
open_field,20190614_1644_icab_hni_L,q1,358,362,18000
open_field,20190614_1644_icab_hni_L,q2,348,362,18000
open_field,20190614_1644_icab_hni_L,q3,348,342,18000
open_field,20190614_1644_icab_hni_L,q4,358,342,18000
open_field,20190615_1022_icab_ho5_L,q1,354,356,18000
open_field,20190615_1022_icab_ho5_L,q2,352,356,18000
open_field,20190615_1022_icab_ho5_L,q3,352,348,18000
open_field,20190615_1022_icab_ho5_L,q4,354,348,18000
open_field,20190615_1051_icab_hdr_L,q1,348,358,18000
open_field,20190615_1051_icab_hdr_L,q2,358,358,18000
open_field,20190615_1051_icab_hdr_L,q3,358,346,18000
open_field,20190615_1051_icab_hdr_L,q4,348,346,18000
open_field,20190615_1117_icab_kaga_L,q1,352,364,17952
open_field,20190615_1117_icab_kaga_L,q2,354,364,17952
open_field,20190615_1117_icab_kaga_L,q3,354,340,17952
open_field,20190615_1117_icab_kaga_L,q4,352,340,17952
open_field,20190615_1145_icab_hni_R,q1,350,352,18000
open_field,20190615_1145_icab_hni_R,q2,356,352,18000
open_field,20190615_1145_icab_hni_R,q3,356,352,18000
open_field,20190615_1145_icab_hni_R,q4,350,352,18000
open_field,20190615_1210_icab_ho5_R,q1,348,350,18000
open_field,20190615_1210_icab_ho5_R,q2,358,350,18000
open_field,20190615_1210_icab_ho5_R,q3,358,354,18000
open_field,20190615_1210_icab_ho5_R,q4,348,354,18000
open_field,20190615_1236_icab_hdr_R,q1,344,348,18000
open_field,20190615_1236_icab_hdr_R,q2,362,348,18000
open_field,20190615_1236_icab_hdr_R,q3,362,356,18000
open_field,20190615_1236_icab_hdr_R,q4,344,356,18000
open_field,20190615_1305_icab_ho5_R,q1,342,344,18000
open_field,20190615_1305_icab_ho5_R,q2,364,344,18000
open_field,20190615_1305_icab_ho5_R,q3,364,360,18000
open_field,20190615_1305_icab_ho5_R,q4,342,360,18000
open_field,20190615_1332_icab_icab_L,q1,354,362,18000
open_field,20190615_1332_icab_icab_L,q2,352,362,18000
open_field,20190615_1332_icab_icab_L,q3,352,342,18000
open_field,20190615_1332_icab_icab_L,q4,354,342,18000
open_field,20190615_1358_icab_icab_L,q1,360,356,18000
open_field,20190615_1358_icab_icab_L,q2,346,356,18000
open_field,20190615_1358_icab_icab_L,q3,346,348,18000
open_field,20190615_1358_icab_icab_L,q4,360,348,18000
open_field,20190615_1423_icab_icab_L,q1,348,364,18000
open_field,20190615_1423_icab_icab_L,q2,358,364,18000
open_field,20190615_1423_icab_icab_L,q3,358,340,18000
open_field,20190615_1423_icab_icab_L,q4,348,340,18000
open_field,20190615_1452_icab_hdr_L,q1,350,358,18000
open_field,20190615_1452_icab_hdr_L,q2,356,358,18000
open_field,20190615_1452_icab_hdr_L,q3,356,346,18000
open_field,20190615_1452_icab_hdr_L,q4,350,346,18000
open_field,20190615_1518_icab_kaga_L,q1,348,360,18000
open_field,20190615_1518_icab_kaga_L,q2,358,360,18000
open_field,20190615_1518_icab_kaga_L,q3,358,344,18000
open_field,20190615_1518_icab_kaga_L,q4,348,344,18000
open_field,20190615_1549_icab_hni_L,q1,350,356,18000
open_field,20190615_1549_icab_hni_L,q2,356,356,18000
open_field,20190615_1549_icab_hni_L,q3,356,348,18000
open_field,20190615_1549_icab_hni_L,q4,350,348,18000
open_field,20190615_1616_icab_hni_L,q1,352,360,18000
open_field,20190615_1616_icab_hni_L,q2,354,360,18000
open_field,20190615_1616_icab_hni_L,q3,354,344,18000
open_field,20190615_1616_icab_hni_L,q4,352,344,18000
open_field,20190615_1649_icab_icab_L,q1,352,364,18000
open_field,20190615_1649_icab_icab_L,q2,354,364,18000
open_field,20190615_1649_icab_icab_L,q3,354,340,18000
open_field,20190615_1649_icab_icab_L,q4,352,340,18000
open_field,20190615_1714_icab_icab_L,q1,354,356,18000
open_field,20190615_1714_icab_icab_L,q2,352,356,18000
open_field,20190615_1714_icab_icab_L,q3,352,348,18000
open_field,20190615_1714_icab_icab_L,q4,354,348,18000
open_field,20190616_0923_icab_icab_L,q1,350,358,18000
open_field,20190616_0923_icab_icab_L,q2,356,358,18000
open_field,20190616_0923_icab_icab_L,q3,356,346,18000
open_field,20190616_0923_icab_icab_L,q4,350,346,18000
open_field,20190616_0948_icab_hdr_L,q1,356,356,18000
open_field,20190616_0948_icab_hdr_L,q2,350,356,18000
open_field,20190616_0948_icab_hdr_L,q3,350,348,18000
open_field,20190616_0948_icab_hdr_L,q4,356,348,18000
open_field,20190616_1017_icab_kaga_R,q1,350,342,18000
open_field,20190616_1017_icab_kaga_R,q2,356,342,18000
open_field,20190616_1017_icab_kaga_R,q3,356,362,18000
open_field,20190616_1017_icab_kaga_R,q4,350,362,18000
open_field,20190616_1045_icab_icab_L,q1,350,358,18000
open_field,20190616_1045_icab_icab_L,q2,356,358,18000
open_field,20190616_1045_icab_icab_L,q3,356,346,18000
open_field,20190616_1045_icab_icab_L,q4,350,346,18000
open_field,20190616_1110_icab_icab_L,q1,348,358,18000
open_field,20190616_1110_icab_icab_L,q2,358,358,18000
open_field,20190616_1110_icab_icab_L,q3,358,346,18000
open_field,20190616_1110_icab_icab_L,q4,348,346,18000
open_field,20190616_1135_icab_kaga_R,q1,348,348,18000
open_field,20190616_1135_icab_kaga_R,q2,358,348,18000
open_field,20190616_1135_icab_kaga_R,q3,358,356,18000
open_field,20190616_1135_icab_kaga_R,q4,348,356,18000
open_field,20190616_1210_icab_icab_R,q1,348,344,18000
open_field,20190616_1210_icab_icab_R,q2,358,344,18000
open_field,20190616_1210_icab_icab_R,q3,358,360,18000
open_field,20190616_1210_icab_icab_R,q4,348,360,18000
open_field,20190616_1227_icab_kaga_R,q1,346,348,18000
open_field,20190616_1227_icab_kaga_R,q2,360,348,18000
open_field,20190616_1227_icab_kaga_R,q4,346,356,18000
open_field,20190616_1256_icab_kaga_L,q1,350,358,18000
open_field,20190616_1256_icab_kaga_L,q2,356,358,18000
open_field,20190616_1256_icab_kaga_L,q3,356,346,18000
open_field,20190616_1256_icab_kaga_L,q4,350,346,18000
open_field,20190616_1325_icab_hni_R,q1,356,342,18000
open_field,20190616_1325_icab_hni_R,q2,350,342,18000
open_field,20190616_1325_icab_hni_R,q3,350,362,18000
open_field,20190616_1325_icab_hni_R,q4,356,362,18000
open_field,20190616_1351_icab_ho5_L,q1,356,356,18000
open_field,20190616_1351_icab_ho5_L,q2,350,356,18000
open_field,20190616_1351_icab_ho5_L,q3,350,348,18000
open_field,20190616_1351_icab_ho5_L,q4,356,348,18000
open_field,20190616_1417_icab_hni_L,q1,352,356,18000
open_field,20190616_1417_icab_hni_L,q2,354,356,18000
open_field,20190616_1417_icab_hni_L,q3,354,348,18000
open_field,20190616_1417_icab_hni_L,q4,352,348,18000
open_field,20190616_1441_icab_hni_L,q1,358,356,18000
open_field,20190616_1441_icab_hni_L,q2,348,356,18000
open_field,20190616_1441_icab_hni_L,q3,348,348,18000
open_field,20190616_1441_icab_hni_L,q4,358,348,18000
open_field,20190616_1506_icab_hni_L,q1,356,358,18000
open_field,20190616_1506_icab_hni_L,q2,350,358,18000
open_field,20190616_1506_icab_hni_L,q3,350,346,18000
open_field,20190616_1506_icab_hni_L,q4,356,346,18000
open_field,20190616_1531_icab_hdr_L,q1,350,364,18000
open_field,20190616_1531_icab_hdr_L,q2,356,364,18000
open_field,20190616_1531_icab_hdr_L,q3,356,340,18000
open_field,20190616_1531_icab_hdr_L,q4,350,340,18000
open_field,20190616_1556_icab_hdr_L,q1,360,356,18000
open_field,20190616_1556_icab_hdr_L,q2,346,356,18000
open_field,20190616_1556_icab_hdr_L,q3,346,348,18000
open_field,20190616_1556_icab_hdr_L,q4,360,348,18000
open_field,20190616_1622_icab_ho5_L,q1,348,364,18000
open_field,20190616_1622_icab_ho5_L,q2,358,364,18000
open_field,20190616_1622_icab_ho5_L,q3,358,340,18000
open_field,20190616_1622_icab_ho5_L,q4,348,340,18000
open_field,20190616_1651_icab_icab_L,q1,356,356,18000
open_field,20190616_1651_icab_icab_L,q2,350,356,18000
open_field,20190616_1651_icab_icab_L,q3,350,348,18000
open_field,20190616_1651_icab_icab_L,q4,356,348,18000
open_field,20190616_1717_icab_icab_L,q1,348,360,18000
open_field,20190616_1717_icab_icab_L,q2,358,360,18000
open_field,20190616_1717_icab_icab_L,q3,358,344,18000
open_field,20190616_1717_icab_icab_L,q4,348,344,18000
